spp_file,Alt,Year,variable,value
EBS_Pollock_2023,NA,NA,SSB_100, 5893.44
EBS_Pollock_2023,NA,NA,SSB_40, 2357.38
EBS_Pollock_2023,NA,NA,SSB_ofl, 2062.7
EBS_Pollock_2023,NA,NA,SSB_2024,3867.14
EBS_Pollock_2023,NA,NA,Mean_rec, 11731.5
EBS_Pollock_2023,NA,NA,C_abc,1444
EBS_Pollock_2023,NA,NA,C_ofl,1540.35
EBS_Pollock_2023,NA,NA,F_0,0 
EBS_Pollock_2023,NA,NA,F_abc,0.385562
EBS_Pollock_2023,NA,NA,F_ofl,0.492517
EBS_Pollock_2023,1,2024,C_lb,1350
EBS_Pollock_2023,1,2024,C_ub,1350
EBS_Pollock_2023,1,2024,C_median,1350
EBS_Pollock_2023,1,2024,C_mean,1350
EBS_Pollock_2023,1,2024,C_sd,4.77485e-12
EBS_Pollock_2023,1,2025,C_lb,1350
EBS_Pollock_2023,1,2025,C_ub,1350
EBS_Pollock_2023,1,2025,C_median,1350
EBS_Pollock_2023,1,2025,C_mean,1350
EBS_Pollock_2023,1,2025,C_sd,2.45968e-07
EBS_Pollock_2023,1,2026,C_lb,1930.26
EBS_Pollock_2023,1,2026,C_ub,1991.25
EBS_Pollock_2023,1,2026,C_median,1945.99
EBS_Pollock_2023,1,2026,C_mean,1951.77
EBS_Pollock_2023,1,2026,C_sd,21.0629
EBS_Pollock_2023,1,2027,C_lb,1477.95
EBS_Pollock_2023,1,2027,C_ub,1811.91
EBS_Pollock_2023,1,2027,C_median,1581.09
EBS_Pollock_2023,1,2027,C_mean,1606.81
EBS_Pollock_2023,1,2027,C_sd,109.819
EBS_Pollock_2023,1,2028,C_lb,1069.19
EBS_Pollock_2023,1,2028,C_ub,1843.91
EBS_Pollock_2023,1,2028,C_median,1425.65
EBS_Pollock_2023,1,2028,C_mean,1432.8
EBS_Pollock_2023,1,2028,C_sd,247.421
EBS_Pollock_2023,1,2029,C_lb,912.435
EBS_Pollock_2023,1,2029,C_ub,1977.27
EBS_Pollock_2023,1,2029,C_median,1396.28
EBS_Pollock_2023,1,2029,C_mean,1400.31
EBS_Pollock_2023,1,2029,C_sd,342.645
EBS_Pollock_2023,1,2030,C_lb,836.486
EBS_Pollock_2023,1,2030,C_ub,2091.3
EBS_Pollock_2023,1,2030,C_median,1417.12
EBS_Pollock_2023,1,2030,C_mean,1418.48
EBS_Pollock_2023,1,2030,C_sd,399.374
EBS_Pollock_2023,1,2031,C_lb,790.885
EBS_Pollock_2023,1,2031,C_ub,2128.35
EBS_Pollock_2023,1,2031,C_median,1441.48
EBS_Pollock_2023,1,2031,C_mean,1430.15
EBS_Pollock_2023,1,2031,C_sd,432.031
EBS_Pollock_2023,1,2032,C_lb,779.615
EBS_Pollock_2023,1,2032,C_ub,2138.49
EBS_Pollock_2023,1,2032,C_median,1422.2
EBS_Pollock_2023,1,2032,C_mean,1430.56
EBS_Pollock_2023,1,2032,C_sd,443.716
EBS_Pollock_2023,1,2033,C_lb,779.298
EBS_Pollock_2023,1,2033,C_ub,2190.88
EBS_Pollock_2023,1,2033,C_median,1411.77
EBS_Pollock_2023,1,2033,C_mean,1427.87
EBS_Pollock_2023,1,2033,C_sd,448.104
EBS_Pollock_2023,1,2034,C_lb,769.542
EBS_Pollock_2023,1,2034,C_ub,2187.73
EBS_Pollock_2023,1,2034,C_median,1400.14
EBS_Pollock_2023,1,2034,C_mean,1423.99
EBS_Pollock_2023,1,2034,C_sd,443.162
EBS_Pollock_2023,1,2035,C_lb,780.253
EBS_Pollock_2023,1,2035,C_ub,2189.84
EBS_Pollock_2023,1,2035,C_median,1388.59
EBS_Pollock_2023,1,2035,C_mean,1415.85
EBS_Pollock_2023,1,2035,C_sd,439.158
EBS_Pollock_2023,1,2036,C_lb,771.654
EBS_Pollock_2023,1,2036,C_ub,2187.84
EBS_Pollock_2023,1,2036,C_median,1376.71
EBS_Pollock_2023,1,2036,C_mean,1410.96
EBS_Pollock_2023,1,2036,C_sd,436.315
EBS_Pollock_2023,1,2037,C_lb,770.672
EBS_Pollock_2023,1,2037,C_ub,2143.94
EBS_Pollock_2023,1,2037,C_median,1391.7
EBS_Pollock_2023,1,2037,C_mean,1410.88
EBS_Pollock_2023,1,2037,C_sd,442.146
EBS_Pollock_2023,1,2024,SSB_lb,3418.67
EBS_Pollock_2023,1,2024,SSB_ub,3418.67
EBS_Pollock_2023,1,2024,SSB_median,3418.67
EBS_Pollock_2023,1,2024,SSB_mean,3418.67
EBS_Pollock_2023,1,2025,SSB_lb,3110.38
EBS_Pollock_2023,1,2025,SSB_ub,3110.39
EBS_Pollock_2023,1,2025,SSB_median,3110.38
EBS_Pollock_2023,1,2025,SSB_mean,3110.38
EBS_Pollock_2023,1,2026,SSB_lb,2781.35
EBS_Pollock_2023,1,2026,SSB_ub,2794.63
EBS_Pollock_2023,1,2026,SSB_median,2784.78
EBS_Pollock_2023,1,2026,SSB_mean,2786.04
EBS_Pollock_2023,1,2027,SSB_lb,2323.22
EBS_Pollock_2023,1,2027,SSB_ub,2819.76
EBS_Pollock_2023,1,2027,SSB_median,2447.59
EBS_Pollock_2023,1,2027,SSB_mean,2496.91
EBS_Pollock_2023,1,2028,SSB_lb,1960.56
EBS_Pollock_2023,1,2028,SSB_ub,3260.91
EBS_Pollock_2023,1,2028,SSB_median,2320.7
EBS_Pollock_2023,1,2028,SSB_mean,2428.24
EBS_Pollock_2023,1,2029,SSB_lb,1782.68
EBS_Pollock_2023,1,2029,SSB_ub,3519.47
EBS_Pollock_2023,1,2029,SSB_median,2301.02
EBS_Pollock_2023,1,2029,SSB_mean,2436.79
EBS_Pollock_2023,1,2030,SSB_lb,1702.87
EBS_Pollock_2023,1,2030,SSB_ub,3550.13
EBS_Pollock_2023,1,2030,SSB_median,2319.83
EBS_Pollock_2023,1,2030,SSB_mean,2453.33
EBS_Pollock_2023,1,2031,SSB_lb,1660.07
EBS_Pollock_2023,1,2031,SSB_ub,3600.13
EBS_Pollock_2023,1,2031,SSB_median,2366.78
EBS_Pollock_2023,1,2031,SSB_mean,2472.1
EBS_Pollock_2023,1,2032,SSB_lb,1669.77
EBS_Pollock_2023,1,2032,SSB_ub,3720.69
EBS_Pollock_2023,1,2032,SSB_median,2344.72
EBS_Pollock_2023,1,2032,SSB_mean,2478.62
EBS_Pollock_2023,1,2033,SSB_lb,1657.29
EBS_Pollock_2023,1,2033,SSB_ub,3707.11
EBS_Pollock_2023,1,2033,SSB_median,2327.77
EBS_Pollock_2023,1,2033,SSB_mean,2467.77
EBS_Pollock_2023,1,2034,SSB_lb,1621.99
EBS_Pollock_2023,1,2034,SSB_ub,3692.84
EBS_Pollock_2023,1,2034,SSB_median,2311.7
EBS_Pollock_2023,1,2034,SSB_mean,2458.01
EBS_Pollock_2023,1,2035,SSB_lb,1636.81
EBS_Pollock_2023,1,2035,SSB_ub,3666.42
EBS_Pollock_2023,1,2035,SSB_median,2302.45
EBS_Pollock_2023,1,2035,SSB_mean,2443.59
EBS_Pollock_2023,1,2036,SSB_lb,1643.27
EBS_Pollock_2023,1,2036,SSB_ub,3608.95
EBS_Pollock_2023,1,2036,SSB_median,2292.48
EBS_Pollock_2023,1,2036,SSB_mean,2439.74
EBS_Pollock_2023,1,2037,SSB_lb,1645.02
EBS_Pollock_2023,1,2037,SSB_ub,3645.66
EBS_Pollock_2023,1,2037,SSB_median,2307.02
EBS_Pollock_2023,1,2037,SSB_mean,2449.65
EBS_Pollock_2023,1,2024,F_lb,0.232579
EBS_Pollock_2023,1,2024,F_ub,0.232579
EBS_Pollock_2023,1,2024,F_median,0.232579
EBS_Pollock_2023,1,2024,F_mean,0.232579
EBS_Pollock_2023,1,2025,F_lb,0.224215
EBS_Pollock_2023,1,2025,F_ub,0.224219
EBS_Pollock_2023,1,2025,F_median,0.224218
EBS_Pollock_2023,1,2025,F_mean,0.224218
EBS_Pollock_2023,1,2026,F_lb,0.385562
EBS_Pollock_2023,1,2026,F_ub,0.385562
EBS_Pollock_2023,1,2026,F_median,0.385562
EBS_Pollock_2023,1,2026,F_mean,0.385562
EBS_Pollock_2023,1,2027,F_lb,0.379679
EBS_Pollock_2023,1,2027,F_ub,0.385562
EBS_Pollock_2023,1,2027,F_median,0.385562
EBS_Pollock_2023,1,2027,F_mean,0.384819
EBS_Pollock_2023,1,2028,F_lb,0.317218
EBS_Pollock_2023,1,2028,F_ub,0.385562
EBS_Pollock_2023,1,2028,F_median,0.379246
EBS_Pollock_2023,1,2028,F_mean,0.365638
EBS_Pollock_2023,1,2029,F_lb,0.28659
EBS_Pollock_2023,1,2029,F_ub,0.385562
EBS_Pollock_2023,1,2029,F_median,0.375856
EBS_Pollock_2023,1,2029,F_mean,0.356672
EBS_Pollock_2023,1,2030,F_lb,0.27285
EBS_Pollock_2023,1,2030,F_ub,0.385562
EBS_Pollock_2023,1,2030,F_median,0.379095
EBS_Pollock_2023,1,2030,F_mean,0.354342
EBS_Pollock_2023,1,2031,F_lb,0.265481
EBS_Pollock_2023,1,2031,F_ub,0.385562
EBS_Pollock_2023,1,2031,F_median,0.385562
EBS_Pollock_2023,1,2031,F_mean,0.353826
EBS_Pollock_2023,1,2032,F_lb,0.26715
EBS_Pollock_2023,1,2032,F_ub,0.385562
EBS_Pollock_2023,1,2032,F_median,0.383382
EBS_Pollock_2023,1,2032,F_mean,0.353275
EBS_Pollock_2023,1,2033,F_lb,0.265009
EBS_Pollock_2023,1,2033,F_ub,0.385562
EBS_Pollock_2023,1,2033,F_median,0.380464
EBS_Pollock_2023,1,2033,F_mean,0.352247
EBS_Pollock_2023,1,2034,F_lb,0.258934
EBS_Pollock_2023,1,2034,F_ub,0.385562
EBS_Pollock_2023,1,2034,F_median,0.377694
EBS_Pollock_2023,1,2034,F_mean,0.352344
EBS_Pollock_2023,1,2035,F_lb,0.261473
EBS_Pollock_2023,1,2035,F_ub,0.385562
EBS_Pollock_2023,1,2035,F_median,0.376102
EBS_Pollock_2023,1,2035,F_mean,0.351478
EBS_Pollock_2023,1,2036,F_lb,0.262597
EBS_Pollock_2023,1,2036,F_ub,0.385562
EBS_Pollock_2023,1,2036,F_median,0.374386
EBS_Pollock_2023,1,2036,F_mean,0.351139
EBS_Pollock_2023,1,2037,F_lb,0.262891
EBS_Pollock_2023,1,2037,F_ub,0.385562
EBS_Pollock_2023,1,2037,F_median,0.376889
EBS_Pollock_2023,1,2037,F_mean,0.350874
EBS_Pollock_2023,2,2024,C_lb,1350
EBS_Pollock_2023,2,2024,C_ub,1350
EBS_Pollock_2023,2,2024,C_median,1350
EBS_Pollock_2023,2,2024,C_mean,1350
EBS_Pollock_2023,2,2024,C_sd,4.77485e-12
EBS_Pollock_2023,2,2025,C_lb,1350
EBS_Pollock_2023,2,2025,C_ub,1350
EBS_Pollock_2023,2,2025,C_median,1350
EBS_Pollock_2023,2,2025,C_mean,1350
EBS_Pollock_2023,2,2025,C_sd,2.45968e-07
EBS_Pollock_2023,2,2026,C_lb,1930.26
EBS_Pollock_2023,2,2026,C_ub,1991.25
EBS_Pollock_2023,2,2026,C_median,1945.99
EBS_Pollock_2023,2,2026,C_mean,1951.77
EBS_Pollock_2023,2,2026,C_sd,21.0629
EBS_Pollock_2023,2,2027,C_lb,1477.95
EBS_Pollock_2023,2,2027,C_ub,1811.91
EBS_Pollock_2023,2,2027,C_median,1581.09
EBS_Pollock_2023,2,2027,C_mean,1606.81
EBS_Pollock_2023,2,2027,C_sd,109.819
EBS_Pollock_2023,2,2028,C_lb,1069.19
EBS_Pollock_2023,2,2028,C_ub,1843.91
EBS_Pollock_2023,2,2028,C_median,1425.65
EBS_Pollock_2023,2,2028,C_mean,1432.8
EBS_Pollock_2023,2,2028,C_sd,247.421
EBS_Pollock_2023,2,2029,C_lb,912.435
EBS_Pollock_2023,2,2029,C_ub,1977.27
EBS_Pollock_2023,2,2029,C_median,1396.28
EBS_Pollock_2023,2,2029,C_mean,1400.31
EBS_Pollock_2023,2,2029,C_sd,342.645
EBS_Pollock_2023,2,2030,C_lb,836.486
EBS_Pollock_2023,2,2030,C_ub,2091.3
EBS_Pollock_2023,2,2030,C_median,1417.12
EBS_Pollock_2023,2,2030,C_mean,1418.48
EBS_Pollock_2023,2,2030,C_sd,399.374
EBS_Pollock_2023,2,2031,C_lb,790.885
EBS_Pollock_2023,2,2031,C_ub,2128.35
EBS_Pollock_2023,2,2031,C_median,1441.48
EBS_Pollock_2023,2,2031,C_mean,1430.15
EBS_Pollock_2023,2,2031,C_sd,432.031
EBS_Pollock_2023,2,2032,C_lb,779.615
EBS_Pollock_2023,2,2032,C_ub,2138.49
EBS_Pollock_2023,2,2032,C_median,1422.2
EBS_Pollock_2023,2,2032,C_mean,1430.56
EBS_Pollock_2023,2,2032,C_sd,443.716
EBS_Pollock_2023,2,2033,C_lb,779.298
EBS_Pollock_2023,2,2033,C_ub,2190.88
EBS_Pollock_2023,2,2033,C_median,1411.77
EBS_Pollock_2023,2,2033,C_mean,1427.87
EBS_Pollock_2023,2,2033,C_sd,448.104
EBS_Pollock_2023,2,2034,C_lb,769.542
EBS_Pollock_2023,2,2034,C_ub,2187.73
EBS_Pollock_2023,2,2034,C_median,1400.14
EBS_Pollock_2023,2,2034,C_mean,1423.99
EBS_Pollock_2023,2,2034,C_sd,443.162
EBS_Pollock_2023,2,2035,C_lb,780.253
EBS_Pollock_2023,2,2035,C_ub,2189.84
EBS_Pollock_2023,2,2035,C_median,1388.59
EBS_Pollock_2023,2,2035,C_mean,1415.85
EBS_Pollock_2023,2,2035,C_sd,439.158
EBS_Pollock_2023,2,2036,C_lb,771.654
EBS_Pollock_2023,2,2036,C_ub,2187.84
EBS_Pollock_2023,2,2036,C_median,1376.71
EBS_Pollock_2023,2,2036,C_mean,1410.96
EBS_Pollock_2023,2,2036,C_sd,436.315
EBS_Pollock_2023,2,2037,C_lb,770.672
EBS_Pollock_2023,2,2037,C_ub,2143.94
EBS_Pollock_2023,2,2037,C_median,1391.7
EBS_Pollock_2023,2,2037,C_mean,1410.88
EBS_Pollock_2023,2,2037,C_sd,442.146
EBS_Pollock_2023,2,2024,SSB_lb,3418.67
EBS_Pollock_2023,2,2024,SSB_ub,3418.67
EBS_Pollock_2023,2,2024,SSB_median,3418.67
EBS_Pollock_2023,2,2024,SSB_mean,3418.67
EBS_Pollock_2023,2,2025,SSB_lb,3110.38
EBS_Pollock_2023,2,2025,SSB_ub,3110.39
EBS_Pollock_2023,2,2025,SSB_median,3110.38
EBS_Pollock_2023,2,2025,SSB_mean,3110.38
EBS_Pollock_2023,2,2026,SSB_lb,2781.35
EBS_Pollock_2023,2,2026,SSB_ub,2794.63
EBS_Pollock_2023,2,2026,SSB_median,2784.78
EBS_Pollock_2023,2,2026,SSB_mean,2786.04
EBS_Pollock_2023,2,2027,SSB_lb,2323.22
EBS_Pollock_2023,2,2027,SSB_ub,2819.76
EBS_Pollock_2023,2,2027,SSB_median,2447.59
EBS_Pollock_2023,2,2027,SSB_mean,2496.91
EBS_Pollock_2023,2,2028,SSB_lb,1960.56
EBS_Pollock_2023,2,2028,SSB_ub,3260.91
EBS_Pollock_2023,2,2028,SSB_median,2320.7
EBS_Pollock_2023,2,2028,SSB_mean,2428.24
EBS_Pollock_2023,2,2029,SSB_lb,1782.68
EBS_Pollock_2023,2,2029,SSB_ub,3519.47
EBS_Pollock_2023,2,2029,SSB_median,2301.02
EBS_Pollock_2023,2,2029,SSB_mean,2436.79
EBS_Pollock_2023,2,2030,SSB_lb,1702.87
EBS_Pollock_2023,2,2030,SSB_ub,3550.13
EBS_Pollock_2023,2,2030,SSB_median,2319.83
EBS_Pollock_2023,2,2030,SSB_mean,2453.33
EBS_Pollock_2023,2,2031,SSB_lb,1660.07
EBS_Pollock_2023,2,2031,SSB_ub,3600.13
EBS_Pollock_2023,2,2031,SSB_median,2366.78
EBS_Pollock_2023,2,2031,SSB_mean,2472.1
EBS_Pollock_2023,2,2032,SSB_lb,1669.77
EBS_Pollock_2023,2,2032,SSB_ub,3720.69
EBS_Pollock_2023,2,2032,SSB_median,2344.72
EBS_Pollock_2023,2,2032,SSB_mean,2478.62
EBS_Pollock_2023,2,2033,SSB_lb,1657.29
EBS_Pollock_2023,2,2033,SSB_ub,3707.11
EBS_Pollock_2023,2,2033,SSB_median,2327.77
EBS_Pollock_2023,2,2033,SSB_mean,2467.77
EBS_Pollock_2023,2,2034,SSB_lb,1621.99
EBS_Pollock_2023,2,2034,SSB_ub,3692.84
EBS_Pollock_2023,2,2034,SSB_median,2311.7
EBS_Pollock_2023,2,2034,SSB_mean,2458.01
EBS_Pollock_2023,2,2035,SSB_lb,1636.81
EBS_Pollock_2023,2,2035,SSB_ub,3666.42
EBS_Pollock_2023,2,2035,SSB_median,2302.45
EBS_Pollock_2023,2,2035,SSB_mean,2443.59
EBS_Pollock_2023,2,2036,SSB_lb,1643.27
EBS_Pollock_2023,2,2036,SSB_ub,3608.95
EBS_Pollock_2023,2,2036,SSB_median,2292.48
EBS_Pollock_2023,2,2036,SSB_mean,2439.74
EBS_Pollock_2023,2,2037,SSB_lb,1645.02
EBS_Pollock_2023,2,2037,SSB_ub,3645.66
EBS_Pollock_2023,2,2037,SSB_median,2307.02
EBS_Pollock_2023,2,2037,SSB_mean,2449.65
EBS_Pollock_2023,2,2024,F_lb,0.232579
EBS_Pollock_2023,2,2024,F_ub,0.232579
EBS_Pollock_2023,2,2024,F_median,0.232579
EBS_Pollock_2023,2,2024,F_mean,0.232579
EBS_Pollock_2023,2,2025,F_lb,0.224215
EBS_Pollock_2023,2,2025,F_ub,0.224219
EBS_Pollock_2023,2,2025,F_median,0.224218
EBS_Pollock_2023,2,2025,F_mean,0.224218
EBS_Pollock_2023,2,2026,F_lb,0.385562
EBS_Pollock_2023,2,2026,F_ub,0.385562
EBS_Pollock_2023,2,2026,F_median,0.385562
EBS_Pollock_2023,2,2026,F_mean,0.385562
EBS_Pollock_2023,2,2027,F_lb,0.379679
EBS_Pollock_2023,2,2027,F_ub,0.385562
EBS_Pollock_2023,2,2027,F_median,0.385562
EBS_Pollock_2023,2,2027,F_mean,0.384819
EBS_Pollock_2023,2,2028,F_lb,0.317218
EBS_Pollock_2023,2,2028,F_ub,0.385562
EBS_Pollock_2023,2,2028,F_median,0.379246
EBS_Pollock_2023,2,2028,F_mean,0.365638
EBS_Pollock_2023,2,2029,F_lb,0.28659
EBS_Pollock_2023,2,2029,F_ub,0.385562
EBS_Pollock_2023,2,2029,F_median,0.375856
EBS_Pollock_2023,2,2029,F_mean,0.356672
EBS_Pollock_2023,2,2030,F_lb,0.27285
EBS_Pollock_2023,2,2030,F_ub,0.385562
EBS_Pollock_2023,2,2030,F_median,0.379095
EBS_Pollock_2023,2,2030,F_mean,0.354342
EBS_Pollock_2023,2,2031,F_lb,0.265481
EBS_Pollock_2023,2,2031,F_ub,0.385562
EBS_Pollock_2023,2,2031,F_median,0.385562
EBS_Pollock_2023,2,2031,F_mean,0.353826
EBS_Pollock_2023,2,2032,F_lb,0.26715
EBS_Pollock_2023,2,2032,F_ub,0.385562
EBS_Pollock_2023,2,2032,F_median,0.383382
EBS_Pollock_2023,2,2032,F_mean,0.353275
EBS_Pollock_2023,2,2033,F_lb,0.265009
EBS_Pollock_2023,2,2033,F_ub,0.385562
EBS_Pollock_2023,2,2033,F_median,0.380464
EBS_Pollock_2023,2,2033,F_mean,0.352247
EBS_Pollock_2023,2,2034,F_lb,0.258934
EBS_Pollock_2023,2,2034,F_ub,0.385562
EBS_Pollock_2023,2,2034,F_median,0.377694
EBS_Pollock_2023,2,2034,F_mean,0.352344
EBS_Pollock_2023,2,2035,F_lb,0.261473
EBS_Pollock_2023,2,2035,F_ub,0.385562
EBS_Pollock_2023,2,2035,F_median,0.376102
EBS_Pollock_2023,2,2035,F_mean,0.351478
EBS_Pollock_2023,2,2036,F_lb,0.262597
EBS_Pollock_2023,2,2036,F_ub,0.385562
EBS_Pollock_2023,2,2036,F_median,0.374386
EBS_Pollock_2023,2,2036,F_mean,0.351139
EBS_Pollock_2023,2,2037,F_lb,0.262891
EBS_Pollock_2023,2,2037,F_ub,0.385562
EBS_Pollock_2023,2,2037,F_median,0.376889
EBS_Pollock_2023,2,2037,F_mean,0.350874
EBS_Pollock_2023,3,2024,C_lb,1350
EBS_Pollock_2023,3,2024,C_ub,1350
EBS_Pollock_2023,3,2024,C_median,1350
EBS_Pollock_2023,3,2024,C_mean,1350
EBS_Pollock_2023,3,2024,C_sd,4.77485e-12
EBS_Pollock_2023,3,2025,C_lb,1350
EBS_Pollock_2023,3,2025,C_ub,1350
EBS_Pollock_2023,3,2025,C_median,1350
EBS_Pollock_2023,3,2025,C_mean,1350
EBS_Pollock_2023,3,2025,C_sd,2.45968e-07
EBS_Pollock_2023,3,2026,C_lb,1287.67
EBS_Pollock_2023,3,2026,C_ub,1325.79
EBS_Pollock_2023,3,2026,C_median,1297.5
EBS_Pollock_2023,3,2026,C_mean,1301.11
EBS_Pollock_2023,3,2026,C_sd,13.1658
EBS_Pollock_2023,3,2027,C_lb,1118.29
EBS_Pollock_2023,3,2027,C_ub,1321.02
EBS_Pollock_2023,3,2027,C_median,1174.13
EBS_Pollock_2023,3,2027,C_mean,1191.94
EBS_Pollock_2023,3,2027,C_sd,68.1847
EBS_Pollock_2023,3,2028,C_lb,1019.42
EBS_Pollock_2023,3,2028,C_ub,1399.02
EBS_Pollock_2023,3,2028,C_median,1139.23
EBS_Pollock_2023,3,2028,C_mean,1168.82
EBS_Pollock_2023,3,2028,C_sd,125.977
EBS_Pollock_2023,3,2029,C_lb,961.77
EBS_Pollock_2023,3,2029,C_ub,1536.8
EBS_Pollock_2023,3,2029,C_median,1153.2
EBS_Pollock_2023,3,2029,C_mean,1187.28
EBS_Pollock_2023,3,2029,C_sd,191.15
EBS_Pollock_2023,3,2030,C_lb,907.938
EBS_Pollock_2023,3,2030,C_ub,1655.8
EBS_Pollock_2023,3,2030,C_median,1178.58
EBS_Pollock_2023,3,2030,C_mean,1216.45
EBS_Pollock_2023,3,2030,C_sd,245.736
EBS_Pollock_2023,3,2031,C_lb,850.656
EBS_Pollock_2023,3,2031,C_ub,1725.35
EBS_Pollock_2023,3,2031,C_median,1197.12
EBS_Pollock_2023,3,2031,C_mean,1232.23
EBS_Pollock_2023,3,2031,C_sd,289.653
EBS_Pollock_2023,3,2032,C_lb,819.998
EBS_Pollock_2023,3,2032,C_ub,1735.01
EBS_Pollock_2023,3,2032,C_median,1205.25
EBS_Pollock_2023,3,2032,C_mean,1238.23
EBS_Pollock_2023,3,2032,C_sd,309.973
EBS_Pollock_2023,3,2033,C_lb,820.685
EBS_Pollock_2023,3,2033,C_ub,1786.14
EBS_Pollock_2023,3,2033,C_median,1202.53
EBS_Pollock_2023,3,2033,C_mean,1240.75
EBS_Pollock_2023,3,2033,C_sd,315.235
EBS_Pollock_2023,3,2034,C_lb,805.885
EBS_Pollock_2023,3,2034,C_ub,1808.71
EBS_Pollock_2023,3,2034,C_median,1195.43
EBS_Pollock_2023,3,2034,C_mean,1238.96
EBS_Pollock_2023,3,2034,C_sd,315.448
EBS_Pollock_2023,3,2035,C_lb,805.738
EBS_Pollock_2023,3,2035,C_ub,1792.93
EBS_Pollock_2023,3,2035,C_median,1194.33
EBS_Pollock_2023,3,2035,C_mean,1235.68
EBS_Pollock_2023,3,2035,C_sd,314.616
EBS_Pollock_2023,3,2036,C_lb,809.316
EBS_Pollock_2023,3,2036,C_ub,1806.56
EBS_Pollock_2023,3,2036,C_median,1182.96
EBS_Pollock_2023,3,2036,C_mean,1230.99
EBS_Pollock_2023,3,2036,C_sd,309.619
EBS_Pollock_2023,3,2037,C_lb,809.336
EBS_Pollock_2023,3,2037,C_ub,1785.54
EBS_Pollock_2023,3,2037,C_median,1171.06
EBS_Pollock_2023,3,2037,C_mean,1229.27
EBS_Pollock_2023,3,2037,C_sd,310.524
EBS_Pollock_2023,3,2024,SSB_lb,3418.67
EBS_Pollock_2023,3,2024,SSB_ub,3418.67
EBS_Pollock_2023,3,2024,SSB_median,3418.67
EBS_Pollock_2023,3,2024,SSB_mean,3418.67
EBS_Pollock_2023,3,2025,SSB_lb,3110.38
EBS_Pollock_2023,3,2025,SSB_ub,3110.39
EBS_Pollock_2023,3,2025,SSB_median,3110.38
EBS_Pollock_2023,3,2025,SSB_mean,3110.38
EBS_Pollock_2023,3,2026,SSB_lb,2876.87
EBS_Pollock_2023,3,2026,SSB_ub,2890.18
EBS_Pollock_2023,3,2026,SSB_median,2880.31
EBS_Pollock_2023,3,2026,SSB_mean,2881.57
EBS_Pollock_2023,3,2027,SSB_lb,2642.3
EBS_Pollock_2023,3,2027,SSB_ub,3149.83
EBS_Pollock_2023,3,2027,SSB_median,2771.76
EBS_Pollock_2023,3,2027,SSB_mean,2821.44
EBS_Pollock_2023,3,2028,SSB_lb,2357.27
EBS_Pollock_2023,3,2028,SSB_ub,3750.57
EBS_Pollock_2023,3,2028,SSB_median,2756.53
EBS_Pollock_2023,3,2028,SSB_mean,2865
EBS_Pollock_2023,3,2029,SSB_lb,2138.16
EBS_Pollock_2023,3,2029,SSB_ub,4137.34
EBS_Pollock_2023,3,2029,SSB_median,2778.84
EBS_Pollock_2023,3,2029,SSB_mean,2920.43
EBS_Pollock_2023,3,2030,SSB_lb,2012.13
EBS_Pollock_2023,3,2030,SSB_ub,4254.34
EBS_Pollock_2023,3,2030,SSB_median,2826.67
EBS_Pollock_2023,3,2030,SSB_mean,2957.04
EBS_Pollock_2023,3,2031,SSB_lb,1923.27
EBS_Pollock_2023,3,2031,SSB_ub,4312.56
EBS_Pollock_2023,3,2031,SSB_median,2895.08
EBS_Pollock_2023,3,2031,SSB_mean,2987.86
EBS_Pollock_2023,3,2032,SSB_lb,1900.06
EBS_Pollock_2023,3,2032,SSB_ub,4442.29
EBS_Pollock_2023,3,2032,SSB_median,2894.59
EBS_Pollock_2023,3,2032,SSB_mean,3001.79
EBS_Pollock_2023,3,2033,SSB_lb,1896.82
EBS_Pollock_2023,3,2033,SSB_ub,4544.25
EBS_Pollock_2023,3,2033,SSB_median,2869.44
EBS_Pollock_2023,3,2033,SSB_mean,2994.48
EBS_Pollock_2023,3,2034,SSB_lb,1869.13
EBS_Pollock_2023,3,2034,SSB_ub,4493.44
EBS_Pollock_2023,3,2034,SSB_median,2844.13
EBS_Pollock_2023,3,2034,SSB_mean,2985.08
EBS_Pollock_2023,3,2035,SSB_lb,1885.96
EBS_Pollock_2023,3,2035,SSB_ub,4542.67
EBS_Pollock_2023,3,2035,SSB_median,2833.97
EBS_Pollock_2023,3,2035,SSB_mean,2969.32
EBS_Pollock_2023,3,2036,SSB_lb,1878.44
EBS_Pollock_2023,3,2036,SSB_ub,4421.66
EBS_Pollock_2023,3,2036,SSB_median,2825.96
EBS_Pollock_2023,3,2036,SSB_mean,2962.01
EBS_Pollock_2023,3,2037,SSB_lb,1887.06
EBS_Pollock_2023,3,2037,SSB_ub,4450.7
EBS_Pollock_2023,3,2037,SSB_median,2829.28
EBS_Pollock_2023,3,2037,SSB_mean,2969.04
EBS_Pollock_2023,3,2024,F_lb,0.232579
EBS_Pollock_2023,3,2024,F_ub,0.232579
EBS_Pollock_2023,3,2024,F_median,0.232579
EBS_Pollock_2023,3,2024,F_mean,0.232579
EBS_Pollock_2023,3,2025,F_lb,0.224215
EBS_Pollock_2023,3,2025,F_ub,0.224219
EBS_Pollock_2023,3,2025,F_median,0.224218
EBS_Pollock_2023,3,2025,F_mean,0.224218
EBS_Pollock_2023,3,2026,F_lb,0.240099
EBS_Pollock_2023,3,2026,F_ub,0.240099
EBS_Pollock_2023,3,2026,F_median,0.240099
EBS_Pollock_2023,3,2026,F_mean,0.240099
EBS_Pollock_2023,3,2027,F_lb,0.240099
EBS_Pollock_2023,3,2027,F_ub,0.240099
EBS_Pollock_2023,3,2027,F_median,0.240099
EBS_Pollock_2023,3,2027,F_mean,0.240099
EBS_Pollock_2023,3,2028,F_lb,0.240099
EBS_Pollock_2023,3,2028,F_ub,0.240099
EBS_Pollock_2023,3,2028,F_median,0.240099
EBS_Pollock_2023,3,2028,F_mean,0.240099
EBS_Pollock_2023,3,2029,F_lb,0.240099
EBS_Pollock_2023,3,2029,F_ub,0.240099
EBS_Pollock_2023,3,2029,F_median,0.240099
EBS_Pollock_2023,3,2029,F_mean,0.240099
EBS_Pollock_2023,3,2030,F_lb,0.240099
EBS_Pollock_2023,3,2030,F_ub,0.240099
EBS_Pollock_2023,3,2030,F_median,0.240099
EBS_Pollock_2023,3,2030,F_mean,0.240099
EBS_Pollock_2023,3,2031,F_lb,0.240099
EBS_Pollock_2023,3,2031,F_ub,0.240099
EBS_Pollock_2023,3,2031,F_median,0.240099
EBS_Pollock_2023,3,2031,F_mean,0.240099
EBS_Pollock_2023,3,2032,F_lb,0.240099
EBS_Pollock_2023,3,2032,F_ub,0.240099
EBS_Pollock_2023,3,2032,F_median,0.240099
EBS_Pollock_2023,3,2032,F_mean,0.240099
EBS_Pollock_2023,3,2033,F_lb,0.240099
EBS_Pollock_2023,3,2033,F_ub,0.240099
EBS_Pollock_2023,3,2033,F_median,0.240099
EBS_Pollock_2023,3,2033,F_mean,0.240099
EBS_Pollock_2023,3,2034,F_lb,0.240099
EBS_Pollock_2023,3,2034,F_ub,0.240099
EBS_Pollock_2023,3,2034,F_median,0.240099
EBS_Pollock_2023,3,2034,F_mean,0.240099
EBS_Pollock_2023,3,2035,F_lb,0.240099
EBS_Pollock_2023,3,2035,F_ub,0.240099
EBS_Pollock_2023,3,2035,F_median,0.240099
EBS_Pollock_2023,3,2035,F_mean,0.240099
EBS_Pollock_2023,3,2036,F_lb,0.240099
EBS_Pollock_2023,3,2036,F_ub,0.240099
EBS_Pollock_2023,3,2036,F_median,0.240099
EBS_Pollock_2023,3,2036,F_mean,0.240099
EBS_Pollock_2023,3,2037,F_lb,0.240099
EBS_Pollock_2023,3,2037,F_ub,0.240099
EBS_Pollock_2023,3,2037,F_median,0.240099
EBS_Pollock_2023,3,2037,F_mean,0.240099
EBS_Pollock_2023,4,2024,C_lb,1350
EBS_Pollock_2023,4,2024,C_ub,1350
EBS_Pollock_2023,4,2024,C_median,1350
EBS_Pollock_2023,4,2024,C_mean,1350
EBS_Pollock_2023,4,2024,C_sd,4.77485e-12
EBS_Pollock_2023,4,2025,C_lb,1350
EBS_Pollock_2023,4,2025,C_ub,1350
EBS_Pollock_2023,4,2025,C_median,1350
EBS_Pollock_2023,4,2025,C_mean,1350
EBS_Pollock_2023,4,2025,C_sd,2.45968e-07
EBS_Pollock_2023,4,2026,C_lb,871.084
EBS_Pollock_2023,4,2026,C_ub,895.883
EBS_Pollock_2023,4,2026,C_median,877.479
EBS_Pollock_2023,4,2026,C_mean,879.83
EBS_Pollock_2023,4,2026,C_sd,8.56369
EBS_Pollock_2023,4,2027,C_lb,812.465
EBS_Pollock_2023,4,2027,C_ub,945.753
EBS_Pollock_2023,4,2027,C_median,849.111
EBS_Pollock_2023,4,2027,C_mean,860.876
EBS_Pollock_2023,4,2027,C_sd,44.8239
EBS_Pollock_2023,4,2028,C_lb,779.995
EBS_Pollock_2023,4,2028,C_ub,1035.29
EBS_Pollock_2023,4,2028,C_median,859.638
EBS_Pollock_2023,4,2028,C_mean,879.532
EBS_Pollock_2023,4,2028,C_sd,84.2135
EBS_Pollock_2023,4,2029,C_lb,764.886
EBS_Pollock_2023,4,2029,C_ub,1156.55
EBS_Pollock_2023,4,2029,C_median,895.252
EBS_Pollock_2023,4,2029,C_mean,919.133
EBS_Pollock_2023,4,2029,C_sd,131.281
EBS_Pollock_2023,4,2030,C_lb,742.535
EBS_Pollock_2023,4,2030,C_ub,1271
EBS_Pollock_2023,4,2030,C_median,931.146
EBS_Pollock_2023,4,2030,C_mean,960.121
EBS_Pollock_2023,4,2030,C_sd,174.117
EBS_Pollock_2023,4,2031,C_lb,708.74
EBS_Pollock_2023,4,2031,C_ub,1356.57
EBS_Pollock_2023,4,2031,C_median,954.15
EBS_Pollock_2023,4,2031,C_mean,986.038
EBS_Pollock_2023,4,2031,C_sd,214.294
EBS_Pollock_2023,4,2032,C_lb,685.614
EBS_Pollock_2023,4,2032,C_ub,1404.07
EBS_Pollock_2023,4,2032,C_median,973.715
EBS_Pollock_2023,4,2032,C_mean,1000.66
EBS_Pollock_2023,4,2032,C_sd,235.565
EBS_Pollock_2023,4,2033,C_lb,683.536
EBS_Pollock_2023,4,2033,C_ub,1415.25
EBS_Pollock_2023,4,2033,C_median,983.654
EBS_Pollock_2023,4,2033,C_mean,1009.4
EBS_Pollock_2023,4,2033,C_sd,242.128
EBS_Pollock_2023,4,2034,C_lb,681.508
EBS_Pollock_2023,4,2034,C_ub,1449.77
EBS_Pollock_2023,4,2034,C_median,979.878
EBS_Pollock_2023,4,2034,C_mean,1013.05
EBS_Pollock_2023,4,2034,C_sd,244.354
EBS_Pollock_2023,4,2035,C_lb,678.661
EBS_Pollock_2023,4,2035,C_ub,1445.07
EBS_Pollock_2023,4,2035,C_median,979.059
EBS_Pollock_2023,4,2035,C_mean,1013.94
EBS_Pollock_2023,4,2035,C_sd,245.714
EBS_Pollock_2023,4,2036,C_lb,681.583
EBS_Pollock_2023,4,2036,C_ub,1450.84
EBS_Pollock_2023,4,2036,C_median,978.695
EBS_Pollock_2023,4,2036,C_mean,1011.77
EBS_Pollock_2023,4,2036,C_sd,241.91
EBS_Pollock_2023,4,2037,C_lb,678.369
EBS_Pollock_2023,4,2037,C_ub,1432.84
EBS_Pollock_2023,4,2037,C_median,965.65
EBS_Pollock_2023,4,2037,C_mean,1010.91
EBS_Pollock_2023,4,2037,C_sd,241.329
EBS_Pollock_2023,4,2024,SSB_lb,3418.67
EBS_Pollock_2023,4,2024,SSB_ub,3418.67
EBS_Pollock_2023,4,2024,SSB_median,3418.67
EBS_Pollock_2023,4,2024,SSB_mean,3418.67
EBS_Pollock_2023,4,2025,SSB_lb,3110.38
EBS_Pollock_2023,4,2025,SSB_ub,3110.39
EBS_Pollock_2023,4,2025,SSB_median,3110.38
EBS_Pollock_2023,4,2025,SSB_mean,3110.38
EBS_Pollock_2023,4,2026,SSB_lb,2934.15
EBS_Pollock_2023,4,2026,SSB_ub,2947.48
EBS_Pollock_2023,4,2026,SSB_median,2937.59
EBS_Pollock_2023,4,2026,SSB_mean,2938.85
EBS_Pollock_2023,4,2027,SSB_lb,2859.37
EBS_Pollock_2023,4,2027,SSB_ub,3371.66
EBS_Pollock_2023,4,2027,SSB_median,2990.13
EBS_Pollock_2023,4,2027,SSB_mean,3040.24
EBS_Pollock_2023,4,2028,SSB_lb,2673.16
EBS_Pollock_2023,4,2028,SSB_ub,4103.74
EBS_Pollock_2023,4,2028,SSB_median,3082.91
EBS_Pollock_2023,4,2028,SSB_mean,3192.58
EBS_Pollock_2023,4,2029,SSB_lb,2508.61
EBS_Pollock_2023,4,2029,SSB_ub,4581.03
EBS_Pollock_2023,4,2029,SSB_median,3179.52
EBS_Pollock_2023,4,2029,SSB_mean,3326.01
EBS_Pollock_2023,4,2030,SSB_lb,2409.65
EBS_Pollock_2023,4,2030,SSB_ub,4860.94
EBS_Pollock_2023,4,2030,SSB_median,3272.61
EBS_Pollock_2023,4,2030,SSB_mean,3417.08
EBS_Pollock_2023,4,2031,SSB_lb,2332.19
EBS_Pollock_2023,4,2031,SSB_ub,4957.28
EBS_Pollock_2023,4,2031,SSB_median,3392.13
EBS_Pollock_2023,4,2031,SSB_mean,3487.5
EBS_Pollock_2023,4,2032,SSB_lb,2310.71
EBS_Pollock_2023,4,2032,SSB_ub,5058.35
EBS_Pollock_2023,4,2032,SSB_median,3422.6
EBS_Pollock_2023,4,2032,SSB_mean,3529.21
EBS_Pollock_2023,4,2033,SSB_lb,2320.67
EBS_Pollock_2023,4,2033,SSB_ub,5188.53
EBS_Pollock_2023,4,2033,SSB_median,3403.9
EBS_Pollock_2023,4,2033,SSB_mean,3540.9
EBS_Pollock_2023,4,2034,SSB_lb,2298.55
EBS_Pollock_2023,4,2034,SSB_ub,5224.75
EBS_Pollock_2023,4,2034,SSB_median,3388.63
EBS_Pollock_2023,4,2034,SSB_mean,3543.29
EBS_Pollock_2023,4,2035,SSB_lb,2290.52
EBS_Pollock_2023,4,2035,SSB_ub,5234.9
EBS_Pollock_2023,4,2035,SSB_median,3390.18
EBS_Pollock_2023,4,2035,SSB_mean,3534.24
EBS_Pollock_2023,4,2036,SSB_lb,2317.63
EBS_Pollock_2023,4,2036,SSB_ub,5144.87
EBS_Pollock_2023,4,2036,SSB_median,3364.45
EBS_Pollock_2023,4,2036,SSB_mean,3529.87
EBS_Pollock_2023,4,2037,SSB_lb,2322.58
EBS_Pollock_2023,4,2037,SSB_ub,5179.77
EBS_Pollock_2023,4,2037,SSB_median,3371.19
EBS_Pollock_2023,4,2037,SSB_mean,3538.04
EBS_Pollock_2023,4,2024,F_lb,0.232579
EBS_Pollock_2023,4,2024,F_ub,0.232579
EBS_Pollock_2023,4,2024,F_median,0.232579
EBS_Pollock_2023,4,2024,F_mean,0.232579
EBS_Pollock_2023,4,2025,F_lb,0.224215
EBS_Pollock_2023,4,2025,F_ub,0.224219
EBS_Pollock_2023,4,2025,F_median,0.224218
EBS_Pollock_2023,4,2025,F_mean,0.224218
EBS_Pollock_2023,4,2026,F_lb,0.155832
EBS_Pollock_2023,4,2026,F_ub,0.155832
EBS_Pollock_2023,4,2026,F_median,0.155832
EBS_Pollock_2023,4,2026,F_mean,0.155832
EBS_Pollock_2023,4,2027,F_lb,0.155832
EBS_Pollock_2023,4,2027,F_ub,0.155832
EBS_Pollock_2023,4,2027,F_median,0.155832
EBS_Pollock_2023,4,2027,F_mean,0.155832
EBS_Pollock_2023,4,2028,F_lb,0.155832
EBS_Pollock_2023,4,2028,F_ub,0.155832
EBS_Pollock_2023,4,2028,F_median,0.155832
EBS_Pollock_2023,4,2028,F_mean,0.155832
EBS_Pollock_2023,4,2029,F_lb,0.155832
EBS_Pollock_2023,4,2029,F_ub,0.155832
EBS_Pollock_2023,4,2029,F_median,0.155832
EBS_Pollock_2023,4,2029,F_mean,0.155832
EBS_Pollock_2023,4,2030,F_lb,0.155832
EBS_Pollock_2023,4,2030,F_ub,0.155832
EBS_Pollock_2023,4,2030,F_median,0.155832
EBS_Pollock_2023,4,2030,F_mean,0.155832
EBS_Pollock_2023,4,2031,F_lb,0.155832
EBS_Pollock_2023,4,2031,F_ub,0.155832
EBS_Pollock_2023,4,2031,F_median,0.155832
EBS_Pollock_2023,4,2031,F_mean,0.155832
EBS_Pollock_2023,4,2032,F_lb,0.155832
EBS_Pollock_2023,4,2032,F_ub,0.155832
EBS_Pollock_2023,4,2032,F_median,0.155832
EBS_Pollock_2023,4,2032,F_mean,0.155832
EBS_Pollock_2023,4,2033,F_lb,0.155832
EBS_Pollock_2023,4,2033,F_ub,0.155832
EBS_Pollock_2023,4,2033,F_median,0.155832
EBS_Pollock_2023,4,2033,F_mean,0.155832
EBS_Pollock_2023,4,2034,F_lb,0.155832
EBS_Pollock_2023,4,2034,F_ub,0.155832
EBS_Pollock_2023,4,2034,F_median,0.155832
EBS_Pollock_2023,4,2034,F_mean,0.155832
EBS_Pollock_2023,4,2035,F_lb,0.155832
EBS_Pollock_2023,4,2035,F_ub,0.155832
EBS_Pollock_2023,4,2035,F_median,0.155832
EBS_Pollock_2023,4,2035,F_mean,0.155832
EBS_Pollock_2023,4,2036,F_lb,0.155832
EBS_Pollock_2023,4,2036,F_ub,0.155832
EBS_Pollock_2023,4,2036,F_median,0.155832
EBS_Pollock_2023,4,2036,F_mean,0.155832
EBS_Pollock_2023,4,2037,F_lb,0.155832
EBS_Pollock_2023,4,2037,F_ub,0.155832
EBS_Pollock_2023,4,2037,F_median,0.155832
EBS_Pollock_2023,4,2037,F_mean,0.155832
EBS_Pollock_2023,5,2024,C_lb,1350
EBS_Pollock_2023,5,2024,C_ub,1350
EBS_Pollock_2023,5,2024,C_median,1350
EBS_Pollock_2023,5,2024,C_mean,1350
EBS_Pollock_2023,5,2024,C_sd,4.77485e-12
EBS_Pollock_2023,5,2025,C_lb,1350
EBS_Pollock_2023,5,2025,C_ub,1350
EBS_Pollock_2023,5,2025,C_median,1350
EBS_Pollock_2023,5,2025,C_mean,1350
EBS_Pollock_2023,5,2025,C_sd,2.45968e-07
EBS_Pollock_2023,5,2026,C_lb,0
EBS_Pollock_2023,5,2026,C_ub,0
EBS_Pollock_2023,5,2026,C_median,0
EBS_Pollock_2023,5,2026,C_mean,0
EBS_Pollock_2023,5,2026,C_sd,0
EBS_Pollock_2023,5,2027,C_lb,0
EBS_Pollock_2023,5,2027,C_ub,0
EBS_Pollock_2023,5,2027,C_median,0
EBS_Pollock_2023,5,2027,C_mean,0
EBS_Pollock_2023,5,2027,C_sd,0
EBS_Pollock_2023,5,2028,C_lb,0
EBS_Pollock_2023,5,2028,C_ub,0
EBS_Pollock_2023,5,2028,C_median,0
EBS_Pollock_2023,5,2028,C_mean,0
EBS_Pollock_2023,5,2028,C_sd,0
EBS_Pollock_2023,5,2029,C_lb,0
EBS_Pollock_2023,5,2029,C_ub,0
EBS_Pollock_2023,5,2029,C_median,0
EBS_Pollock_2023,5,2029,C_mean,0
EBS_Pollock_2023,5,2029,C_sd,0
EBS_Pollock_2023,5,2030,C_lb,0
EBS_Pollock_2023,5,2030,C_ub,0
EBS_Pollock_2023,5,2030,C_median,0
EBS_Pollock_2023,5,2030,C_mean,0
EBS_Pollock_2023,5,2030,C_sd,0
EBS_Pollock_2023,5,2031,C_lb,0
EBS_Pollock_2023,5,2031,C_ub,0
EBS_Pollock_2023,5,2031,C_median,0
EBS_Pollock_2023,5,2031,C_mean,0
EBS_Pollock_2023,5,2031,C_sd,0
EBS_Pollock_2023,5,2032,C_lb,0
EBS_Pollock_2023,5,2032,C_ub,0
EBS_Pollock_2023,5,2032,C_median,0
EBS_Pollock_2023,5,2032,C_mean,0
EBS_Pollock_2023,5,2032,C_sd,0
EBS_Pollock_2023,5,2033,C_lb,0
EBS_Pollock_2023,5,2033,C_ub,0
EBS_Pollock_2023,5,2033,C_median,0
EBS_Pollock_2023,5,2033,C_mean,0
EBS_Pollock_2023,5,2033,C_sd,0
EBS_Pollock_2023,5,2034,C_lb,0
EBS_Pollock_2023,5,2034,C_ub,0
EBS_Pollock_2023,5,2034,C_median,0
EBS_Pollock_2023,5,2034,C_mean,0
EBS_Pollock_2023,5,2034,C_sd,0
EBS_Pollock_2023,5,2035,C_lb,0
EBS_Pollock_2023,5,2035,C_ub,0
EBS_Pollock_2023,5,2035,C_median,0
EBS_Pollock_2023,5,2035,C_mean,0
EBS_Pollock_2023,5,2035,C_sd,0
EBS_Pollock_2023,5,2036,C_lb,0
EBS_Pollock_2023,5,2036,C_ub,0
EBS_Pollock_2023,5,2036,C_median,0
EBS_Pollock_2023,5,2036,C_mean,0
EBS_Pollock_2023,5,2036,C_sd,0
EBS_Pollock_2023,5,2037,C_lb,0
EBS_Pollock_2023,5,2037,C_ub,0
EBS_Pollock_2023,5,2037,C_median,0
EBS_Pollock_2023,5,2037,C_mean,0
EBS_Pollock_2023,5,2037,C_sd,0
EBS_Pollock_2023,5,2024,SSB_lb,3418.67
EBS_Pollock_2023,5,2024,SSB_ub,3418.67
EBS_Pollock_2023,5,2024,SSB_median,3418.67
EBS_Pollock_2023,5,2024,SSB_mean,3418.67
EBS_Pollock_2023,5,2025,SSB_lb,3110.38
EBS_Pollock_2023,5,2025,SSB_ub,3110.39
EBS_Pollock_2023,5,2025,SSB_median,3110.38
EBS_Pollock_2023,5,2025,SSB_mean,3110.38
EBS_Pollock_2023,5,2026,SSB_lb,3043.99
EBS_Pollock_2023,5,2026,SSB_ub,3057.35
EBS_Pollock_2023,5,2026,SSB_median,3047.44
EBS_Pollock_2023,5,2026,SSB_mean,3048.7
EBS_Pollock_2023,5,2027,SSB_lb,3333.44
EBS_Pollock_2023,5,2027,SSB_ub,3854.65
EBS_Pollock_2023,5,2027,SSB_median,3466.63
EBS_Pollock_2023,5,2027,SSB_mean,3517.53
EBS_Pollock_2023,5,2028,SSB_lb,3441.63
EBS_Pollock_2023,5,2028,SSB_ub,4938.52
EBS_Pollock_2023,5,2028,SSB_median,3873.47
EBS_Pollock_2023,5,2028,SSB_mean,3988.16
EBS_Pollock_2023,5,2029,SSB_lb,3506.81
EBS_Pollock_2023,5,2029,SSB_ub,5771.74
EBS_Pollock_2023,5,2029,SSB_median,4238.3
EBS_Pollock_2023,5,2029,SSB_mean,4405.44
EBS_Pollock_2023,5,2030,SSB_lb,3609.97
EBS_Pollock_2023,5,2030,SSB_ub,6370.52
EBS_Pollock_2023,5,2030,SSB_median,4576.65
EBS_Pollock_2023,5,2030,SSB_mean,4740.48
EBS_Pollock_2023,5,2031,SSB_lb,3646.67
EBS_Pollock_2023,5,2031,SSB_ub,6751.67
EBS_Pollock_2023,5,2031,SSB_median,4902.22
EBS_Pollock_2023,5,2031,SSB_mean,5024.69
EBS_Pollock_2023,5,2032,SSB_lb,3743.08
EBS_Pollock_2023,5,2032,SSB_ub,7071.9
EBS_Pollock_2023,5,2032,SSB_median,5129.75
EBS_Pollock_2023,5,2032,SSB_mean,5249.27
EBS_Pollock_2023,5,2033,SSB_lb,3839.19
EBS_Pollock_2023,5,2033,SSB_ub,7494.11
EBS_Pollock_2023,5,2033,SSB_median,5299.21
EBS_Pollock_2023,5,2033,SSB_mean,5413.83
EBS_Pollock_2023,5,2034,SSB_lb,3911.05
EBS_Pollock_2023,5,2034,SSB_ub,7623.86
EBS_Pollock_2023,5,2034,SSB_median,5389.17
EBS_Pollock_2023,5,2034,SSB_mean,5536.17
EBS_Pollock_2023,5,2035,SSB_lb,3919.75
EBS_Pollock_2023,5,2035,SSB_ub,7734.77
EBS_Pollock_2023,5,2035,SSB_median,5476.76
EBS_Pollock_2023,5,2035,SSB_mean,5620.09
EBS_Pollock_2023,5,2036,SSB_lb,3969.33
EBS_Pollock_2023,5,2036,SSB_ub,7823.77
EBS_Pollock_2023,5,2036,SSB_median,5563.31
EBS_Pollock_2023,5,2036,SSB_mean,5685.77
EBS_Pollock_2023,5,2037,SSB_lb,4070.2
EBS_Pollock_2023,5,2037,SSB_ub,7926.41
EBS_Pollock_2023,5,2037,SSB_median,5596.09
EBS_Pollock_2023,5,2037,SSB_mean,5745.81
EBS_Pollock_2023,5,2024,F_lb,0.232579
EBS_Pollock_2023,5,2024,F_ub,0.232579
EBS_Pollock_2023,5,2024,F_median,0.232579
EBS_Pollock_2023,5,2024,F_mean,0.232579
EBS_Pollock_2023,5,2025,F_lb,0.224215
EBS_Pollock_2023,5,2025,F_ub,0.224219
EBS_Pollock_2023,5,2025,F_median,0.224218
EBS_Pollock_2023,5,2025,F_mean,0.224218
EBS_Pollock_2023,5,2026,F_lb,0
EBS_Pollock_2023,5,2026,F_ub,0
EBS_Pollock_2023,5,2026,F_median,0
EBS_Pollock_2023,5,2026,F_mean,0
EBS_Pollock_2023,5,2027,F_lb,0
EBS_Pollock_2023,5,2027,F_ub,0
EBS_Pollock_2023,5,2027,F_median,0
EBS_Pollock_2023,5,2027,F_mean,0
EBS_Pollock_2023,5,2028,F_lb,0
EBS_Pollock_2023,5,2028,F_ub,0
EBS_Pollock_2023,5,2028,F_median,0
EBS_Pollock_2023,5,2028,F_mean,0
EBS_Pollock_2023,5,2029,F_lb,0
EBS_Pollock_2023,5,2029,F_ub,0
EBS_Pollock_2023,5,2029,F_median,0
EBS_Pollock_2023,5,2029,F_mean,0
EBS_Pollock_2023,5,2030,F_lb,0
EBS_Pollock_2023,5,2030,F_ub,0
EBS_Pollock_2023,5,2030,F_median,0
EBS_Pollock_2023,5,2030,F_mean,0
EBS_Pollock_2023,5,2031,F_lb,0
EBS_Pollock_2023,5,2031,F_ub,0
EBS_Pollock_2023,5,2031,F_median,0
EBS_Pollock_2023,5,2031,F_mean,0
EBS_Pollock_2023,5,2032,F_lb,0
EBS_Pollock_2023,5,2032,F_ub,0
EBS_Pollock_2023,5,2032,F_median,0
EBS_Pollock_2023,5,2032,F_mean,0
EBS_Pollock_2023,5,2033,F_lb,0
EBS_Pollock_2023,5,2033,F_ub,0
EBS_Pollock_2023,5,2033,F_median,0
EBS_Pollock_2023,5,2033,F_mean,0
EBS_Pollock_2023,5,2034,F_lb,0
EBS_Pollock_2023,5,2034,F_ub,0
EBS_Pollock_2023,5,2034,F_median,0
EBS_Pollock_2023,5,2034,F_mean,0
EBS_Pollock_2023,5,2035,F_lb,0
EBS_Pollock_2023,5,2035,F_ub,0
EBS_Pollock_2023,5,2035,F_median,0
EBS_Pollock_2023,5,2035,F_mean,0
EBS_Pollock_2023,5,2036,F_lb,0
EBS_Pollock_2023,5,2036,F_ub,0
EBS_Pollock_2023,5,2036,F_median,0
EBS_Pollock_2023,5,2036,F_mean,0
EBS_Pollock_2023,5,2037,F_lb,0
EBS_Pollock_2023,5,2037,F_ub,0
EBS_Pollock_2023,5,2037,F_median,0
EBS_Pollock_2023,5,2037,F_mean,0
EBS_Pollock_2023,6,2024,C_lb,1350
EBS_Pollock_2023,6,2024,C_ub,1350
EBS_Pollock_2023,6,2024,C_median,1350
EBS_Pollock_2023,6,2024,C_mean,1350
EBS_Pollock_2023,6,2024,C_sd,4.77485e-12
EBS_Pollock_2023,6,2025,C_lb,2607.4
EBS_Pollock_2023,6,2025,C_ub,2607.46
EBS_Pollock_2023,6,2025,C_median,2607.42
EBS_Pollock_2023,6,2025,C_mean,2607.42
EBS_Pollock_2023,6,2025,C_sd,0.0185584
EBS_Pollock_2023,6,2026,C_lb,1822.65
EBS_Pollock_2023,6,2026,C_ub,1905.79
EBS_Pollock_2023,6,2026,C_median,1844.01
EBS_Pollock_2023,6,2026,C_mean,1851.93
EBS_Pollock_2023,6,2026,C_sd,28.7681
EBS_Pollock_2023,6,2027,C_lb,1252.71
EBS_Pollock_2023,6,2027,C_ub,1872.47
EBS_Pollock_2023,6,2027,C_median,1410.8
EBS_Pollock_2023,6,2027,C_mean,1467.72
EBS_Pollock_2023,6,2027,C_sd,197.245
EBS_Pollock_2023,6,2028,C_lb,1001.4
EBS_Pollock_2023,6,2028,C_ub,1992.04
EBS_Pollock_2023,6,2028,C_median,1357.65
EBS_Pollock_2023,6,2028,C_mean,1427.51
EBS_Pollock_2023,6,2028,C_sd,325.443
EBS_Pollock_2023,6,2029,C_lb,900.89
EBS_Pollock_2023,6,2029,C_ub,2162.49
EBS_Pollock_2023,6,2029,C_median,1400.88
EBS_Pollock_2023,6,2029,C_mean,1459.1
EBS_Pollock_2023,6,2029,C_sd,415.638
EBS_Pollock_2023,6,2030,C_lb,853.408
EBS_Pollock_2023,6,2030,C_ub,2289.47
EBS_Pollock_2023,6,2030,C_median,1459.22
EBS_Pollock_2023,6,2030,C_mean,1502.99
EBS_Pollock_2023,6,2030,C_sd,468.195
EBS_Pollock_2023,6,2031,C_lb,821.127
EBS_Pollock_2023,6,2031,C_ub,2317.28
EBS_Pollock_2023,6,2031,C_median,1486.49
EBS_Pollock_2023,6,2031,C_mean,1520.71
EBS_Pollock_2023,6,2031,C_sd,495.222
EBS_Pollock_2023,6,2032,C_lb,814.595
EBS_Pollock_2023,6,2032,C_ub,2362.9
EBS_Pollock_2023,6,2032,C_median,1458.77
EBS_Pollock_2023,6,2032,C_mean,1515.2
EBS_Pollock_2023,6,2032,C_sd,506.823
EBS_Pollock_2023,6,2033,C_lb,804.147
EBS_Pollock_2023,6,2033,C_ub,2386.2
EBS_Pollock_2023,6,2033,C_median,1437.72
EBS_Pollock_2023,6,2033,C_mean,1508.46
EBS_Pollock_2023,6,2033,C_sd,511.2
EBS_Pollock_2023,6,2034,C_lb,775.256
EBS_Pollock_2023,6,2034,C_ub,2373.23
EBS_Pollock_2023,6,2034,C_median,1418.94
EBS_Pollock_2023,6,2034,C_mean,1502.69
EBS_Pollock_2023,6,2034,C_sd,501.671
EBS_Pollock_2023,6,2035,C_lb,800.315
EBS_Pollock_2023,6,2035,C_ub,2416.36
EBS_Pollock_2023,6,2035,C_median,1414.48
EBS_Pollock_2023,6,2035,C_mean,1491.81
EBS_Pollock_2023,6,2035,C_sd,495.377
EBS_Pollock_2023,6,2036,C_lb,787.162
EBS_Pollock_2023,6,2036,C_ub,2367.32
EBS_Pollock_2023,6,2036,C_median,1415.41
EBS_Pollock_2023,6,2036,C_mean,1488.8
EBS_Pollock_2023,6,2036,C_sd,495.796
EBS_Pollock_2023,6,2037,C_lb,791.902
EBS_Pollock_2023,6,2037,C_ub,2337.17
EBS_Pollock_2023,6,2037,C_median,1419.13
EBS_Pollock_2023,6,2037,C_mean,1489.21
EBS_Pollock_2023,6,2037,C_sd,503.466
EBS_Pollock_2023,6,2024,SSB_lb,3418.67
EBS_Pollock_2023,6,2024,SSB_ub,3418.67
EBS_Pollock_2023,6,2024,SSB_median,3418.67
EBS_Pollock_2023,6,2024,SSB_mean,3418.67
EBS_Pollock_2023,6,2025,SSB_lb,2912.31
EBS_Pollock_2023,6,2025,SSB_ub,2912.31
EBS_Pollock_2023,6,2025,SSB_median,2912.31
EBS_Pollock_2023,6,2025,SSB_mean,2912.31
EBS_Pollock_2023,6,2026,SSB_lb,2266.29
EBS_Pollock_2023,6,2026,SSB_ub,2278.28
EBS_Pollock_2023,6,2026,SSB_median,2269.38
EBS_Pollock_2023,6,2026,SSB_mean,2270.52
EBS_Pollock_2023,6,2027,SSB_lb,1950.24
EBS_Pollock_2023,6,2027,SSB_ub,2407.92
EBS_Pollock_2023,6,2027,SSB_median,2066.07
EBS_Pollock_2023,6,2027,SSB_mean,2111.48
EBS_Pollock_2023,6,2028,SSB_lb,1717.09
EBS_Pollock_2023,6,2028,SSB_ub,2877.53
EBS_Pollock_2023,6,2028,SSB_median,2054.92
EBS_Pollock_2023,6,2028,SSB_mean,2143.38
EBS_Pollock_2023,6,2029,SSB_lb,1599.84
EBS_Pollock_2023,6,2029,SSB_ub,3127.03
EBS_Pollock_2023,6,2029,SSB_median,2082.78
EBS_Pollock_2023,6,2029,SSB_mean,2190.94
EBS_Pollock_2023,6,2030,SSB_lb,1551.74
EBS_Pollock_2023,6,2030,SSB_ub,3173.11
EBS_Pollock_2023,6,2030,SSB_median,2118.32
EBS_Pollock_2023,6,2030,SSB_mean,2217.18
EBS_Pollock_2023,6,2031,SSB_lb,1522
EBS_Pollock_2023,6,2031,SSB_ub,3259.82
EBS_Pollock_2023,6,2031,SSB_median,2142.96
EBS_Pollock_2023,6,2031,SSB_mean,2233.74
EBS_Pollock_2023,6,2032,SSB_lb,1528.27
EBS_Pollock_2023,6,2032,SSB_ub,3326.24
EBS_Pollock_2023,6,2032,SSB_median,2114.04
EBS_Pollock_2023,6,2032,SSB_mean,2236.36
EBS_Pollock_2023,6,2033,SSB_lb,1517.02
EBS_Pollock_2023,6,2033,SSB_ub,3323.71
EBS_Pollock_2023,6,2033,SSB_median,2109.66
EBS_Pollock_2023,6,2033,SSB_mean,2223.9
EBS_Pollock_2023,6,2034,SSB_lb,1480.9
EBS_Pollock_2023,6,2034,SSB_ub,3340.12
EBS_Pollock_2023,6,2034,SSB_median,2109.12
EBS_Pollock_2023,6,2034,SSB_mean,2214.46
EBS_Pollock_2023,6,2035,SSB_lb,1493.59
EBS_Pollock_2023,6,2035,SSB_ub,3257.18
EBS_Pollock_2023,6,2035,SSB_median,2093.29
EBS_Pollock_2023,6,2035,SSB_mean,2201.44
EBS_Pollock_2023,6,2036,SSB_lb,1492.79
EBS_Pollock_2023,6,2036,SSB_ub,3242.77
EBS_Pollock_2023,6,2036,SSB_median,2073.42
EBS_Pollock_2023,6,2036,SSB_mean,2199.81
EBS_Pollock_2023,6,2037,SSB_lb,1503.81
EBS_Pollock_2023,6,2037,SSB_ub,3294.48
EBS_Pollock_2023,6,2037,SSB_median,2093.53
EBS_Pollock_2023,6,2037,SSB_mean,2210.95
EBS_Pollock_2023,6,2024,F_lb,0.232579
EBS_Pollock_2023,6,2024,F_ub,0.232579
EBS_Pollock_2023,6,2024,F_median,0.232579
EBS_Pollock_2023,6,2024,F_mean,0.232579
EBS_Pollock_2023,6,2025,F_lb,0.492517
EBS_Pollock_2023,6,2025,F_ub,0.492517
EBS_Pollock_2023,6,2025,F_median,0.492517
EBS_Pollock_2023,6,2025,F_mean,0.492517
EBS_Pollock_2023,6,2026,F_lb,0.472602
EBS_Pollock_2023,6,2026,F_ub,0.475242
EBS_Pollock_2023,6,2026,F_median,0.473284
EBS_Pollock_2023,6,2026,F_mean,0.473533
EBS_Pollock_2023,6,2027,F_lb,0.402991
EBS_Pollock_2023,6,2027,F_ub,0.492517
EBS_Pollock_2023,6,2027,F_median,0.428481
EBS_Pollock_2023,6,2027,F_mean,0.435698
EBS_Pollock_2023,6,2028,F_lb,0.351689
EBS_Pollock_2023,6,2028,F_ub,0.492517
EBS_Pollock_2023,6,2028,F_median,0.426023
EBS_Pollock_2023,6,2028,F_mean,0.428624
EBS_Pollock_2023,6,2029,F_lb,0.325896
EBS_Pollock_2023,6,2029,F_ub,0.492517
EBS_Pollock_2023,6,2029,F_median,0.432154
EBS_Pollock_2023,6,2029,F_mean,0.427144
EBS_Pollock_2023,6,2030,F_lb,0.315315
EBS_Pollock_2023,6,2030,F_ub,0.492517
EBS_Pollock_2023,6,2030,F_median,0.439972
EBS_Pollock_2023,6,2030,F_mean,0.428127
EBS_Pollock_2023,6,2031,F_lb,0.308776
EBS_Pollock_2023,6,2031,F_ub,0.492517
EBS_Pollock_2023,6,2031,F_median,0.445395
EBS_Pollock_2023,6,2031,F_mean,0.429088
EBS_Pollock_2023,6,2032,F_lb,0.310154
EBS_Pollock_2023,6,2032,F_ub,0.492517
EBS_Pollock_2023,6,2032,F_median,0.439084
EBS_Pollock_2023,6,2032,F_mean,0.427338
EBS_Pollock_2023,6,2033,F_lb,0.307678
EBS_Pollock_2023,6,2033,F_ub,0.492517
EBS_Pollock_2023,6,2033,F_median,0.438077
EBS_Pollock_2023,6,2033,F_mean,0.425242
EBS_Pollock_2023,6,2034,F_lb,0.299736
EBS_Pollock_2023,6,2034,F_ub,0.492517
EBS_Pollock_2023,6,2034,F_median,0.437953
EBS_Pollock_2023,6,2034,F_mean,0.425272
EBS_Pollock_2023,6,2035,F_lb,0.302514
EBS_Pollock_2023,6,2035,F_ub,0.492517
EBS_Pollock_2023,6,2035,F_median,0.434462
EBS_Pollock_2023,6,2035,F_mean,0.423707
EBS_Pollock_2023,6,2036,F_lb,0.302336
EBS_Pollock_2023,6,2036,F_ub,0.492517
EBS_Pollock_2023,6,2036,F_median,0.430095
EBS_Pollock_2023,6,2036,F_mean,0.423376
EBS_Pollock_2023,6,2037,F_lb,0.304762
EBS_Pollock_2023,6,2037,F_ub,0.492517
EBS_Pollock_2023,6,2037,F_median,0.434525
EBS_Pollock_2023,6,2037,F_mean,0.422737
EBS_Pollock_2023,7,2024,C_lb,1350
EBS_Pollock_2023,7,2024,C_ub,1350
EBS_Pollock_2023,7,2024,C_median,1350
EBS_Pollock_2023,7,2024,C_mean,1350
EBS_Pollock_2023,7,2024,C_sd,4.77485e-12
EBS_Pollock_2023,7,2025,C_lb,2145.79
EBS_Pollock_2023,7,2025,C_ub,2145.84
EBS_Pollock_2023,7,2025,C_median,2145.8
EBS_Pollock_2023,7,2025,C_mean,2145.81
EBS_Pollock_2023,7,2025,C_sd,0.0145282
EBS_Pollock_2023,7,2026,C_lb,1683.2
EBS_Pollock_2023,7,2026,C_ub,1744.19
EBS_Pollock_2023,7,2026,C_median,1698.93
EBS_Pollock_2023,7,2026,C_mean,1704.71
EBS_Pollock_2023,7,2026,C_sd,21.0597
EBS_Pollock_2023,7,2027,C_lb,1528.22
EBS_Pollock_2023,7,2027,C_ub,2064.51
EBS_Pollock_2023,7,2027,C_median,1700.93
EBS_Pollock_2023,7,2027,C_mean,1743.33
EBS_Pollock_2023,7,2027,C_sd,177.547
EBS_Pollock_2023,7,2028,C_lb,1091.26
EBS_Pollock_2023,7,2028,C_ub,2070.45
EBS_Pollock_2023,7,2028,C_median,1453.29
EBS_Pollock_2023,7,2028,C_mean,1520.33
EBS_Pollock_2023,7,2028,C_sd,324.707
EBS_Pollock_2023,7,2029,C_lb,929.913
EBS_Pollock_2023,7,2029,C_ub,2202.24
EBS_Pollock_2023,7,2029,C_median,1428.86
EBS_Pollock_2023,7,2029,C_mean,1491.93
EBS_Pollock_2023,7,2029,C_sd,419.133
EBS_Pollock_2023,7,2030,C_lb,862.075
EBS_Pollock_2023,7,2030,C_ub,2309.26
EBS_Pollock_2023,7,2030,C_median,1466.67
EBS_Pollock_2023,7,2030,C_mean,1512.11
EBS_Pollock_2023,7,2030,C_sd,470.704
EBS_Pollock_2023,7,2031,C_lb,822.487
EBS_Pollock_2023,7,2031,C_ub,2316.19
EBS_Pollock_2023,7,2031,C_median,1484.87
EBS_Pollock_2023,7,2031,C_mean,1521.78
EBS_Pollock_2023,7,2031,C_sd,496.375
EBS_Pollock_2023,7,2032,C_lb,813.482
EBS_Pollock_2023,7,2032,C_ub,2361.2
EBS_Pollock_2023,7,2032,C_median,1459.14
EBS_Pollock_2023,7,2032,C_mean,1514.49
EBS_Pollock_2023,7,2032,C_sd,507.005
EBS_Pollock_2023,7,2033,C_lb,803.668
EBS_Pollock_2023,7,2033,C_ub,2385.15
EBS_Pollock_2023,7,2033,C_median,1436.55
EBS_Pollock_2023,7,2033,C_mean,1507.94
EBS_Pollock_2023,7,2033,C_sd,511.196
EBS_Pollock_2023,7,2034,C_lb,775.062
EBS_Pollock_2023,7,2034,C_ub,2372.62
EBS_Pollock_2023,7,2034,C_median,1418.64
EBS_Pollock_2023,7,2034,C_mean,1502.48
EBS_Pollock_2023,7,2034,C_sd,501.651
EBS_Pollock_2023,7,2035,C_lb,800.242
EBS_Pollock_2023,7,2035,C_ub,2416.25
EBS_Pollock_2023,7,2035,C_median,1414.4
EBS_Pollock_2023,7,2035,C_mean,1491.74
EBS_Pollock_2023,7,2035,C_sd,495.367
EBS_Pollock_2023,7,2036,C_lb,787.154
EBS_Pollock_2023,7,2036,C_ub,2367.33
EBS_Pollock_2023,7,2036,C_median,1415.43
EBS_Pollock_2023,7,2036,C_mean,1488.78
EBS_Pollock_2023,7,2036,C_sd,495.792
EBS_Pollock_2023,7,2037,C_lb,791.889
EBS_Pollock_2023,7,2037,C_ub,2337.16
EBS_Pollock_2023,7,2037,C_median,1419.14
EBS_Pollock_2023,7,2037,C_mean,1489.21
EBS_Pollock_2023,7,2037,C_sd,503.465
EBS_Pollock_2023,7,2024,SSB_lb,3418.67
EBS_Pollock_2023,7,2024,SSB_ub,3418.67
EBS_Pollock_2023,7,2024,SSB_median,3418.67
EBS_Pollock_2023,7,2024,SSB_mean,3418.67
EBS_Pollock_2023,7,2025,SSB_lb,2989.35
EBS_Pollock_2023,7,2025,SSB_ub,2989.35
EBS_Pollock_2023,7,2025,SSB_median,2989.35
EBS_Pollock_2023,7,2025,SSB_mean,2989.35
EBS_Pollock_2023,7,2026,SSB_lb,2481.04
EBS_Pollock_2023,7,2026,SSB_ub,2494.32
EBS_Pollock_2023,7,2026,SSB_median,2484.47
EBS_Pollock_2023,7,2026,SSB_mean,2485.72
EBS_Pollock_2023,7,2027,SSB_lb,2130.91
EBS_Pollock_2023,7,2027,SSB_ub,2606.18
EBS_Pollock_2023,7,2027,SSB_median,2246.63
EBS_Pollock_2023,7,2027,SSB_mean,2294.55
EBS_Pollock_2023,7,2028,SSB_lb,1781
EBS_Pollock_2023,7,2028,SSB_ub,2980.35
EBS_Pollock_2023,7,2028,SSB_median,2114.2
EBS_Pollock_2023,7,2028,SSB_mean,2210.8
EBS_Pollock_2023,7,2029,SSB_lb,1621.78
EBS_Pollock_2023,7,2029,SSB_ub,3168.56
EBS_Pollock_2023,7,2029,SSB_median,2098.91
EBS_Pollock_2023,7,2029,SSB_mean,2213.51
EBS_Pollock_2023,7,2030,SSB_lb,1556.51
EBS_Pollock_2023,7,2030,SSB_ub,3174.72
EBS_Pollock_2023,7,2030,SSB_median,2119.94
EBS_Pollock_2023,7,2030,SSB_mean,2222.42
EBS_Pollock_2023,7,2031,SSB_lb,1521.88
EBS_Pollock_2023,7,2031,SSB_ub,3267.59
EBS_Pollock_2023,7,2031,SSB_median,2142.83
EBS_Pollock_2023,7,2031,SSB_mean,2233.89
EBS_Pollock_2023,7,2032,SSB_lb,1527.4
EBS_Pollock_2023,7,2032,SSB_ub,3324.21
EBS_Pollock_2023,7,2032,SSB_median,2113.48
EBS_Pollock_2023,7,2032,SSB_mean,2235.76
EBS_Pollock_2023,7,2033,SSB_lb,1516.76
EBS_Pollock_2023,7,2033,SSB_ub,3323.12
EBS_Pollock_2023,7,2033,SSB_median,2109.28
EBS_Pollock_2023,7,2033,SSB_mean,2223.56
EBS_Pollock_2023,7,2034,SSB_lb,1480.74
EBS_Pollock_2023,7,2034,SSB_ub,3339.87
EBS_Pollock_2023,7,2034,SSB_median,2109.09
EBS_Pollock_2023,7,2034,SSB_mean,2214.32
EBS_Pollock_2023,7,2035,SSB_lb,1493.53
EBS_Pollock_2023,7,2035,SSB_ub,3257.16
EBS_Pollock_2023,7,2035,SSB_median,2093.25
EBS_Pollock_2023,7,2035,SSB_mean,2201.4
EBS_Pollock_2023,7,2036,SSB_lb,1492.8
EBS_Pollock_2023,7,2036,SSB_ub,3242.69
EBS_Pollock_2023,7,2036,SSB_median,2073.44
EBS_Pollock_2023,7,2036,SSB_mean,2199.8
EBS_Pollock_2023,7,2037,SSB_lb,1503.8
EBS_Pollock_2023,7,2037,SSB_ub,3294.49
EBS_Pollock_2023,7,2037,SSB_median,2093.53
EBS_Pollock_2023,7,2037,SSB_mean,2210.95
EBS_Pollock_2023,7,2024,F_lb,0.232579
EBS_Pollock_2023,7,2024,F_ub,0.232579
EBS_Pollock_2023,7,2024,F_median,0.232579
EBS_Pollock_2023,7,2024,F_mean,0.232579
EBS_Pollock_2023,7,2025,F_lb,0.385562
EBS_Pollock_2023,7,2025,F_ub,0.385562
EBS_Pollock_2023,7,2025,F_median,0.385562
EBS_Pollock_2023,7,2025,F_mean,0.385562
EBS_Pollock_2023,7,2026,F_lb,0.385562
EBS_Pollock_2023,7,2026,F_ub,0.385562
EBS_Pollock_2023,7,2026,F_median,0.385562
EBS_Pollock_2023,7,2026,F_mean,0.385562
EBS_Pollock_2023,7,2027,F_lb,0.442766
EBS_Pollock_2023,7,2027,F_ub,0.492517
EBS_Pollock_2023,7,2027,F_median,0.468241
EBS_Pollock_2023,7,2027,F_mean,0.4699
EBS_Pollock_2023,7,2028,F_lb,0.365748
EBS_Pollock_2023,7,2028,F_ub,0.492517
EBS_Pollock_2023,7,2028,F_median,0.439072
EBS_Pollock_2023,7,2028,F_mean,0.438962
EBS_Pollock_2023,7,2029,F_lb,0.330721
EBS_Pollock_2023,7,2029,F_ub,0.492517
EBS_Pollock_2023,7,2029,F_median,0.435703
EBS_Pollock_2023,7,2029,F_mean,0.430089
EBS_Pollock_2023,7,2030,F_lb,0.316365
EBS_Pollock_2023,7,2030,F_ub,0.492517
EBS_Pollock_2023,7,2030,F_median,0.440329
EBS_Pollock_2023,7,2030,F_mean,0.428666
EBS_Pollock_2023,7,2031,F_lb,0.30875
EBS_Pollock_2023,7,2031,F_ub,0.492517
EBS_Pollock_2023,7,2031,F_median,0.445365
EBS_Pollock_2023,7,2031,F_mean,0.42906
EBS_Pollock_2023,7,2032,F_lb,0.309963
EBS_Pollock_2023,7,2032,F_ub,0.492517
EBS_Pollock_2023,7,2032,F_median,0.438905
EBS_Pollock_2023,7,2032,F_mean,0.42725
EBS_Pollock_2023,7,2033,F_lb,0.30762
EBS_Pollock_2023,7,2033,F_ub,0.492517
EBS_Pollock_2023,7,2033,F_median,0.437994
EBS_Pollock_2023,7,2033,F_mean,0.425197
EBS_Pollock_2023,7,2034,F_lb,0.299703
EBS_Pollock_2023,7,2034,F_ub,0.492517
EBS_Pollock_2023,7,2034,F_median,0.437947
EBS_Pollock_2023,7,2034,F_mean,0.425255
EBS_Pollock_2023,7,2035,F_lb,0.302503
EBS_Pollock_2023,7,2035,F_ub,0.492517
EBS_Pollock_2023,7,2035,F_median,0.434454
EBS_Pollock_2023,7,2035,F_mean,0.423701
EBS_Pollock_2023,7,2036,F_lb,0.302338
EBS_Pollock_2023,7,2036,F_ub,0.492517
EBS_Pollock_2023,7,2036,F_median,0.4301
EBS_Pollock_2023,7,2036,F_mean,0.423375
EBS_Pollock_2023,7,2037,F_lb,0.304761
EBS_Pollock_2023,7,2037,F_ub,0.492517
EBS_Pollock_2023,7,2037,F_median,0.434525
EBS_Pollock_2023,7,2037,F_mean,0.422737
